Id,Label,NiveauTrophique
0,"Feuilles",0
1,"Herbes",0
2,"Graines",0
3,"Fruits",0
4,"Racines",0
5,"Champignons",0
6,"Vers_de_terre",0
7,"Fourmis",0
8,"Insectes",0
9,"Larves",0
10,"Escargot",0
11,"Grenouilles",0
12,"Oiseaux",0
13,"Ecureuil",0
14,"Rongeurs",0
15,"Lievres",0
16,"Herisson",0
17,"Chauve_souris",0
18,"Renard",0
19,"Blaireau",0
20,"Serpents",0
21,"Cheuvreuil",0
22,"Faucon",0
23,"Sanglier",0
24,"Cerfs",0
25,"Aigle",0
26,"Lynx",0
27,"Loups_gris",0
28,"Ours",0
